[
  {
    "description":"模拟一个post请求",
    "request":{
      "uri":"/postdemo",
      "method":"post"
    },
    "response":{
      "headers":{
        "Content-Type":"text/html;charset=gbk"
      },
      "text":"这是我的第一个mock的post请求"
    }
  },
  {
    "description":"这是一个带参数的post请求",
    "request":{
      "uri":"/postwithparam",
      "method":"post",
      "forms":{
        "name":"huhansan",
        "sex":"man"
      }
    },
    "response":{
      "headers":{
        "Content-Type":"text/html;charset=gbk"
      },
      "text":"我胡汉三带着参数来啦！！！"

    }
  }

]