<?xml version="1.0" encoding="UTF-8" ?>
<!DOCTYPE mapper
        PUBLIC "-//mybatis.org//DTD Mapper 3.0//EN"
        "http://mybatis.org/dtd/mybatis-3-mapper.dtd">

<mapper namespace="com.course">

    <!--登陆接口sql-->
    <select id="login" parameterType="com.course.model.User" resultType="Integer">

        select count(*) from user
        where userName=#{userName}
        and password=#{password}
    </select>

    <!--添加用户接口-->
    <insert id="addUser" parameterType="com.course.model.User">
        insert into
        user (userName,password,sex,age,permission,isDelete)
        values (#{userName},#{password},#{sex},#{age},#{permission},#{isDelete});
    </insert>

    <!--获取用户信息sql-->
    <select id="getUserInfo" parameterType="com.course.model.User" resultType="com.course.model.User">
        select * from user
        <trim prefix="WHERE" prefixOverrides="and">
            <if test="null != id and '' !=id">
                AND id=#{id}
            </if>
            <if test="null != userName and '' !=userName">
                AND userName=#{userName}
            </if>
            <if test="null != sex and '' !=sex">
                AND sex=#{sex}
            </if>
            <if test="null != age and '' !=age">
                AND age=#{age}
            </if>
            <if test="null != permission and '' !=permission">
                AND permission=#{permission}
            </if>
            <if test="null != isDelete and '' !=isDelete">
                AND isDelete=#{isDelete}
            </if>
        </trim>
    </select>


    <!--更新/删除用户信息动作-->
    <update id="updateUserInfo" parameterType="com.course.model.User">
        update user
        <trim prefix="SET" suffixOverrides=",">
            <if test="null != userName and '' !=userName">
                userName=#{userName},
            </if>
            <if test="null != sex and '' !=sex">
                sex=#{sex},
            </if>
            <if test="null != age and '' !=age">
                age=#{age},
            </if>
            <if test="null != permission and '' !=permission">
                permission=#{permission},
            </if>
            <if test="null != isDelete and '' !=isDelete">
                isDelete=#{isDelete},
            </if>
        </trim>
        where id = #{id}
    </update>

</mapper>