<?xml version="1.0" encoding="UTF-8" ?>
<!-- 类分组测试必须要在*.xml进行配置，方法分组测试可以不必在*.xml里面配置 -->
<suite name="suitename">
    <test name="runAll">
        <classes>
            <class name="com.course.testng.groups.GroupsOnClass1"/>
            <class name="com.course.testng.groups.GroupsOnClass2"/>
            <class name="com.course.testng.groups.GroupsOnClass3"/>
        </classes>

    </test>

    <test name="onlyRunStu">
        <groups>    <!-- groups标签里面，设定要运行的组，组名include标签里面写入，与@Test(groups = "stu")的组名相对应。 -->
            <run>   <!-- groups标签只对当前用例层生效，如果当前用例层没有groups标签，那么它默认会运行当前用例层全部测试用例 -->
                <include name="stu"/>
            </run>

        </groups>

        <classes>
            <class name="com.course.testng.groups.GroupsOnClass1"/>
            <class name="com.course.testng.groups.GroupsOnClass2"/>
            <class name="com.course.testng.groups.GroupsOnClass3"/>
        </classes>

    </test>



</suite>
