<?xml version="1.0" encoding="UTF-8" ?>

<!-- 多线程测试配置，parallel为多线程级别，thread-count为线程数 -->
<suite name="thread" parallel="methods" thread-count="3">

    <!--             [parallel]
    tests级别：不同的test(不同的用例层，下面有2个test标签，就是2个用例层) tag下的用例可以在不同的线程下执行
            相同的test tag下的用例只能在同一个线程中去执行
    classs级别：相同的class tag 下的用例在同一个线程中执行
                不同的class tag 下的用例可以在不同的线程中执行。注：要在classes标签加name属性区分不同的class
    methods级别：方法级，所有用例都可以在不同的线程下去执行

    thread-count：代表了最大并发线程数

    xml文件配置这种方式不能指定线程池，只有方法上才可以指定线程池
    -->

    <test name = "demo1">
        <classes name="d">
            <class name="com.course.testng.multiThread.MultiThreadOnXml"/>
            <class name="com.course.testng.BasicAnnotation"/>
            <class name="com.course.testng.multiThread.MultiThreadOnXml"/>
        </classes>
        <classes name="d1">
            <class name="com.course.testng.multiThread.MultiThreadOnXml"/>
            <class name="com.course.testng.BasicAnnotation"/>
            <class name="com.course.testng.multiThread.MultiThreadOnXml"/>
        </classes>

    </test>

    <test name = "demo2">
        <classes name="d3">
            <class name="com.course.testng.BasicAnnotation"/>
        </classes>

    </test>



</suite>
