<?xml version="1.0" encoding="UTF-8" ?>
<suite name="test">

    <test name="login">     <!--每一个test标签为一个用例层/业务层，必须为这个用例层命名name= -->
        <classes>    <!-- classes里面放的是被测试用例的源文件路径/完整类名，配置在前面的优先执行 -->
            <class name="com.course.testng.suite.SuiteConfig"/>
            <class name="com.course.testng.suite.LoginTest"/>
        </classes>
    </test>
    <test name="pay">
        <classes>
            <class name="com.course.testng.suite.SuiteConfig"/>
            <class name="com.course.testng.suite.PayTest"/>
        </classes>
    </test>
</suite>
