<?xml version="1.0" encoding="UTF-8" ?>

<!-- 测试报告演示 -->
<suite name="我自己的接口测试套件">

    <test name="这些是测试模块">
        <classes>

            <class name="com.tester.extend.demo.TestMethodsDemo">
                <methods>
                    <include name="test1"/>
                    <include name="test2"/>
                    <include name="test3"/>
                    <include name="logDemo"/>

                </methods>


            </class>

        </classes>

    </test>

    <listeners>    <!-- 测试报告监听器，运行后会生成test-out文件夹，里面存放报告，而这个存放报告的路径和文件名是在监听类里面配置的 -->
        <!--<listener class-name="com.vimalselvam.testng.listener.ExtentTestNgFormatter"/>-->   <!-- 报告CSS样式加载不出来 -->
        <!--<listener class-name="com.tester.extend.demo.ExtentTestNGIReporterListenerOld" />-->
        <listener class-name="com.tester.extend.demo.ExtentTestNGIReporterListener" />
    </listeners>

</suite>