<?xml version="1.0" encoding="UTF-8" ?>
<!DOCTYPE mapper
        PUBLIC "-//mybatis.org//DTD Mapper 3.0//EN"
        "http://mybatis.org/dtd/mybatis-3-mapper.dtd">

<mapper namespace="com.course">                      <!-- namespace命名空间 -->
    <select id="getUserCount" resultType="Integer">  <!-- id要唯一 ，是用来标识SQL语句的。resultType是返回结果的数据类型-->
        select count(*) from user;

    </select>

    <insert id="addUser" parameterType="com.course.model.User">
        <!-- parameterType是入参， 要对应model下配置的SQL字段，传参都是用#{}，大括号里面的字段必须在User里面存在-->
        insert into user(id,name,age,sex)
        values(#{id},#{name},#{age},#{sex})

    </insert>

    <update id="updateUser" parameterType="com.course.model.User">
        update user set name=#{name},age=#{age}
        where id=#{id}

    </update>
    <delete id="deleteUser" parameterType="Integer">
        delete from user where id = #{id}

    </delete>


</mapper>